timestamp,source,input,expected_labels,predicted_labels,is_correct,drugs_detected,has_claim,claim_text,claim_reasoning,time_seconds,memory_mb,llm_calls,fda_calls,bluesky_calls
2025-11-22T03:38:26.161150,generated,Just picked up my metformin prescription from the pharmacy.,"[""drug-approved""]","[""drug-approved""]",True,"[""metformin""]",False,,,9.22,8.57,2,1,0
2025-11-22T03:38:34.497461,generated,Insulin should be free for everyone who needs it.,"[""drug-approved""]","[""drug-approved""]",True,"[""Insulin""]",False,,,8.33,0.14,2,1,0
2025-11-22T03:38:41.276001,generated,Why is Adderall so expensive even with insurance?,"[""drug-approved""]","[""drug-approved""]",True,"[""Adderall""]",False,,,6.77,0.17,2,1,0
2025-11-22T03:38:49.232273,generated,My pharmacy switched my lisinopril to a different manufacturer.,"[""drug-approved""]","[""drug-approved""]",True,"[""lisinopril""]",False,,,7.95,0.17,2,1,0
2025-11-22T03:38:57.365199,generated,Finally got my atorvastatin refill after two weeks.,"[""drug-approved""]","[""drug-approved""]",True,"[""atorvastatin""]",False,,,8.13,0.15,2,1,0
2025-11-22T03:39:04.998717,generated,Does anyone take sertraline in the morning or at night?,"[""drug-approved""]","[""drug-approved""]",True,"[""sertraline""]",False,,,7.63,0.23,2,1,0
2025-11-22T03:39:12.051628,generated,The pharmacy ran out of albuterol inhalers.,"[""drug-approved""]","[""drug-approved""]",True,"[""albuterol""]",False,,,7.05,0.16,2,1,0
2025-11-22T03:39:19.701120,generated,I forgot to take my levothyroxine this morning.,"[""drug-approved""]","[""drug-approved""]",True,"[""levothyroxine""]",False,,,7.65,0.13,2,1,0
2025-11-22T03:39:26.100658,generated,Omeprazole is on backorder everywhere.,"[""drug-approved""]","[""drug-approved""]",True,"[""Omeprazole""]",False,,,6.39,0.15,2,1,0
2025-11-22T03:39:32.740279,generated,My gabapentin prescription got denied by insurance.,"[""drug-approved""]","[""drug-approved""]",True,"[""gabapentin""]",False,,,6.63,0.13,2,1,0
2025-11-22T03:39:40.206929,generated,Does prednisone make anyone else really hungry?,"[""drug-approved""]","[""drug-approved""]",True,"[""prednisone""]",False,,,7.46,0.13,2,1,0
2025-11-22T03:39:47.375564,generated,I've been on fluoxetine for three months now.,"[""drug-approved""]","[""drug-approved""]",True,"[""fluoxetine""]",False,,,7.17,0.16,2,1,0
2025-11-22T03:39:57.531512,generated,The generic version of Xanax tastes awful.,"[""drug-approved""]","[""drug-approved""]",True,"[""Xanax""]",False,,,10.15,0.13,2,1,0
2025-11-22T03:40:05.103942,generated,Ibuprofen always upsets my stomach.,"[""drug-approved""]","[""drug-approved""]",True,"[""ibuprofen""]",False,,,7.57,0.16,2,1,0
2025-11-22T03:40:11.434415,generated,Aspirin is so cheap compared to other meds.,"[""drug-approved""]","[""drug-approved""]",True,"[""Aspirin""]",False,,,6.33,0.16,2,1,0
2025-11-22T03:40:17.897488,generated,I keep forgetting to refill my hydrochlorothiazide prescription.,"[""drug-approved""]","[""drug-approved""]",True,"[""hydrochlorothiazide""]",False,,,6.46,0.16,2,1,0
2025-11-22T03:40:28.643109,generated,Zolpidem makes me feel groggy the next morning.,"[""drug-approved""]","[""drug-approved""]",True,"[""Zolpidem""]",False,,,10.74,0.16,2,1,0
2025-11-22T03:40:34.824111,generated,My pharmacy only had brand name Tylenol left.,"[""drug-approved""]","[""drug-approved""]",True,"[""Tylenol""]",False,,,6.18,0.14,2,1,0
2025-11-22T03:40:43.911068,generated,Does Claritin come in a non-drowsy version?,"[""drug-approved""]","[""drug-approved""]",True,"[""Claritin""]",False,,,9.09,0.16,2,1,0
2025-11-22T03:40:46.045985,generated,My throat hurts so bad today.,,[],,[],False,,,2.13,0.09,1,0,0
2025-11-22T03:40:48.443850,generated,Why do I always get sick during midterms?,,[],,[],False,,,2.4,0.09,1,0,0
2025-11-22T03:40:52.156099,generated,Anyone else's allergies acting up already?,,[],,[],False,,,3.71,0.09,1,0,0
2025-11-22T03:40:54.686437,generated,My skin is breaking out for no reason.,,[],,[],False,,,2.53,0.09,1,0,0
2025-11-22T03:40:57.077187,generated,I've had a headache all day.,,[],,[],False,,,2.39,0.09,1,0,0
2025-11-22T03:40:59.255515,generated,My stomach feels weird after lunch.,,[],,[],False,,,2.18,0.09,1,0,0
2025-11-22T03:41:02.026599,generated,Can't stop coughing today ugh.,,[],,[],False,,,2.77,0.1,1,0,0
2025-11-22T03:41:04.744354,generated,Why is my chest so tight??,,[],,[],False,,,2.72,0.1,1,0,0
2025-11-22T03:41:08.399715,generated,I hate seasonal allergies.,,[],,[],False,,,3.65,0.1,1,0,0
2025-11-22T03:41:11.712911,generated,I keep waking up feeling dizzy.,,[],,[],False,,,3.31,0.1,1,0,0
2025-11-22T03:41:15.438986,generated,Does anyone know home remedies for sore throat?,,[],,[],False,,,3.72,0.09,1,0,0
2025-11-22T03:41:17.838880,generated,My sleep schedule is destroyed.,,[],,[],False,,,2.4,0.09,1,0,0
2025-11-22T03:41:20.426005,generated,I feel so tired no matter how much I rest.,,[],,[],False,,,2.59,0.09,1,0,0
2025-11-22T03:41:23.219188,generated,My back is killing me today.,,[],,[],False,,,2.79,0.09,1,0,0
2025-11-22T03:41:27.759053,generated,Does stress make you nauseous?,,[],,[],False,,,4.54,0.09,1,0,0
2025-11-22T03:41:30.590293,generated,I keep getting random fevers.,,[],,[],False,,,2.83,0.09,1,0,0
2025-11-22T03:41:33.872546,generated,My kid won't stop coughing.,,[],,[],False,,,3.28,0.12,1,0,0
2025-11-22T03:41:37.162699,generated,Why is my nose always stuffy?,,[],,[],False,,,3.29,0.09,1,0,0
2025-11-22T03:41:39.517657,generated,Working out today nearly killed me.,,[],,[],False,,,2.35,0.09,1,0,0
2025-11-22T03:41:42.939344,generated,I feel puffy and bloated for no reason.,,[],,[],False,,,3.42,0.09,1,0,0
2025-11-22T03:41:46.115143,generated,My neck is so stiff from sleeping wrong.,,[],,[],False,,,3.17,0.09,1,0,0
2025-11-22T03:41:58.311576,generated,My doctor prescribed metformin to help control my type 2 diabetes.,"[""drug-approved"", ""supported-claim""]","[""drug-approved"", ""supported-claim""]",True,"[""metformin""]",True,type 2 diabetes,FDA indication states ZITUVIMET (sitagliptin + metformin) is indicated as an adjunct to diet and exercise to improve glycemic control in adults with type 2 diabetes mellitus — which directly matches the claimed indication 'type 2 diabetes.',12.19,1.1,3,2,0
2025-11-22T03:42:12.438814,generated,Taking aspirin for my headache pain.,"[""drug-approved"", ""supported-claim""]","[""drug-approved"", ""supported-claim""]",True,"[""aspirin""]",True,headache,"Aspirin is approved for the temporary relief of minor aches and pains; 'headache' is a minor pain and the label even explicitly mentions headaches (noting delayed action), so the claimed indication matches the FDA-approved indication.",14.12,0.19,3,2,0
2025-11-22T03:42:24.436966,generated,Lisinopril is great for treating high blood pressure.,"[""drug-approved"", ""supported-claim""]","[""drug-approved"", ""supported-claim""]",True,"[""Lisinopril""]",True,high blood pressure,"'High blood pressure' is the lay term for 'hypertension,' which is explicitly listed as an FDA-approved indication for lisinopril (and lisinopril/hydrochlorothiazide) to lower blood pressure.",11.97,0.46,3,2,0
2025-11-22T03:42:37.144910,generated,Omeprazole helps with my acid reflux symptoms.,"[""drug-approved"", ""supported-claim""]","[""drug-approved"", ""supported-claim""]",True,"[""Omeprazole""]",True,acid reflux,"“Acid reflux” is a lay term for heartburn/GERD; Omeprazole is FDA‑approved to treat frequent heartburn, so the claimed indication matches the approved indication.",12.65,0.15,3,2,0
2025-11-22T03:42:48.371359,generated,Using albuterol inhaler for my asthma attacks.,"[""drug-approved"", ""supported-claim""]","[""drug-approved"", ""supported-claim""]",True,"[""albuterol""]",True,asthma attacks,"""Asthma attacks"" is a lay term for bronchospasm/exacerbations of asthma. FDA indications state albuterol is indicated for the treatment or prevention of bronchospasm in patients with reversible obstructive airway disease (i.e., asthma), so the claimed indication matches the approved indication.",11.2,0.55,3,2,0
2025-11-22T03:43:00.039630,generated,Levothyroxine treats my hypothyroidism effectively.,"[""drug-approved"", ""supported-claim""]","[""drug-approved"", ""supported-claim""]",True,"[""Levothyroxine""]",True,hypothyroidism,"Exact match: FDA-approved indications list levothyroxine for replacement or supplemental therapy in patients with hypothyroidism of any etiology (covers cretinism, myxedema, ordinary hypothyroidism, secondary/tertiary hypothyroidism, and pregnancy).",11.61,0.2,3,2,0
2025-11-22T03:43:16.478980,generated,Doctor put me on atorvastatin to lower my cholesterol.,"[""drug-approved"", ""supported-claim""]","[""drug-approved"", ""supported-claim""]",True,"[""atorvastatin""]",True,high cholesterol,'High cholesterol' is the lay term for hyperlipidemia/hypercholesterolemia; atorvastatin is FDA‑approved to reduce LDL‑C in adults with primary hyperlipidemia and familial hypercholesterolemia and as an adjunct to diet to lower cholesterol.,16.32,0.83,3,2,0
2025-11-22T03:43:30.806522,generated,Amoxicillin cleared up my bacterial sinus infection.,"[""drug-approved"", ""supported-claim""]","[""drug-approved"", ""supported-claim""]",True,"[""Amoxicillin""]",True,bacterial sinus infection,"FDA indication includes 'Infections of the ear, nose, and throat' and lists pathogens (e.g., Streptococcus pneumoniae, Haemophilus influenzae) that cause bacterial sinusitis. 'Bacterial sinus infection' (acute bacterial sinusitis) is the lay term for an ENT infection and therefore matches the approved indication.",14.27,0.34,3,2,0
2025-11-22T03:43:51.882532,generated,Taking acetaminophen (Tylenol) to reduce my fever.,"[""drug-approved"", ""supported-claim""]","[""drug-approved"", ""supported-claim""]",True,"[""acetaminophen"", ""Tylenol""]",True,fever,"FDA label lists 'temporarily reduces fever' — the claimed indication 'fever' is the same condition (lay term), so this is a direct match.",20.9,0.18,5,4,0
2025-11-22T03:44:04.137179,generated,Ibuprofen helps with inflammation from my arthritis.,"[""drug-approved"", ""supported-claim""]","[""drug-approved"", ""supported-claim""]",True,"[""Ibuprofen""]",True,arthritis,"FDA-approved indications explicitly include 'minor pain of arthritis,' which directly matches the claimed indication 'arthritis.'",11.96,0.18,3,2,0
2025-11-22T03:44:18.977158,generated,Fluoxetine has been effective for treating my depression.,"[""drug-approved"", ""supported-claim""]","[""drug-approved"", ""supported-claim""]",True,"[""Fluoxetine""]",True,depression,"Fluoxetine is FDA‑approved for acute and maintenance treatment of Major Depressive Disorder (MDD). The lay term 'depression' corresponds to MDD, so the claimed indication matches the FDA‑approved indication.",14.83,1.01,3,2,0
2025-11-22T03:44:41.331387,generated,Sertraline helps manage my anxiety disorder.,"[""drug-approved"", ""supported-claim""]","[""drug-approved"", ""supported-claim""]",True,"[""Sertraline""]",True,anxiety disorder,"Sertraline is FDA‑approved for several anxiety-related conditions (e.g., panic disorder, social anxiety disorder/social phobia, and posttraumatic stress disorder), so the lay term “anxiety disorder” likely maps to some FDA‑approved indications. However it is ambiguous (e.g., generalized anxiety disorder is not an FDA indication for sertraline), so the match is probable but not definitive.",22.29,1.15,3,2,0
2025-11-22T03:45:01.652793,generated,Loratadine (Claritin) works well for my seasonal allergies.,"[""drug-approved"", ""supported-claim""]","[""drug-approved"", ""supported-claim""]",True,"[""Loratadine"", ""Claritin""]",True,seasonal allergies,"“Seasonal allergies” is the lay term for hay fever/allergic upper respiratory allergies, which are explicitly listed in the FDA-approved indications for loratadine.",20.29,0.21,5,4,0
2025-11-22T03:45:17.638837,generated,Ondansetron prevents nausea during my chemotherapy treatments.,"[""drug-approved"", ""supported-claim""]","[""drug-approved"", ""unsupported-claim""]",False,"[""ondansetron""]",True,nausea,"Partially matches: ondansetron is FDA‑approved for prevention of nausea and vomiting, but only in specific settings (highly/moderately emetogenic chemotherapy, certain radiotherapy regimens, and postoperative nausea). The single-word claim 'nausea' is broader than these approved, setting‑specific indications.",15.93,0.42,3,2,0
2025-11-22T03:45:29.558932,generated,Montelukast helps control my asthma symptoms.,"[""drug-approved"", ""supported-claim""]","[""drug-approved"", ""supported-claim""]",True,"[""Montelukast""]",True,asthma,The FDA label explicitly lists montelukast for the prophylaxis and chronic treatment of asthma in patients 2 years and older; the claimed indication 'asthma' directly matches this approved indication.,11.86,0.61,3,2,0
2025-11-22T03:45:39.402046,generated,Metoprolol succinate is used to treat my heart failure.,"[""drug-approved"", ""supported-claim""]","[""drug-approved"", ""supported-claim""]",True,"[""Metoprolol succinate""]",True,heart failure,Direct match — FDA labeling for metoprolol succinate explicitly lists “Heart Failure” (to reduce risk of cardiovascular mortality and heart failure hospitalizations) as an approved indication.,9.83,0.41,3,2,0
2025-11-22T03:45:57.891625,generated,Prednisone reduces inflammation from my autoimmune condition.,"[""drug-approved"", ""supported-claim""]","[""drug-approved"", ""supported-claim""]",True,"[""Prednisone""]",True,autoimmune condition,"Prednisone is FDA‑approved for multiple specific autoimmune diseases (e.g., systemic lupus erythematosus, rheumatoid arthritis, dermatomyositis/polymyositis, pemphigus), so the lay term 'autoimmune condition' maps to these listed indications.",18.45,0.19,3,2,0
2025-11-22T03:46:15.215979,generated,Gabapentin treats the nerve pain from my diabetic neuropathy.,"[""drug-approved"", ""supported-claim""]","[""drug-approved"", ""unsupported-claim""]",False,"[""Gabapentin""]",True,nerve pain from diabetic neuropathy,Gabapentin is FDA‑approved for postherpetic neuralgia (nerve pain after herpes zoster) and as adjunctive therapy for partial seizures. 'Nerve pain from diabetic neuropathy' (diabetic peripheral neuropathy) is not among the listed FDA‑approved indications.,17.28,0.87,3,2,0
2025-11-22T03:46:26.228480,generated,Tamsulosin helps with urinary symptoms from BPH.,"[""drug-approved"", ""supported-claim""]","[""drug-approved"", ""supported-claim""]",True,"[""tamsulosin""]",True,urinary symptoms from BPH,"The FDA indication is for the treatment of the ""signs and symptoms of benign prostatic hyperplasia (BPH)."" ""Urinary symptoms from BPH"" is a layperson-equivalent description of those signs and symptoms, so it matches the approved indication.",10.98,0.54,3,2,0
2025-11-22T03:46:38.633400,generated,Hydrochlorothiazide controls my high blood pressure.,"[""drug-approved"", ""supported-claim""]","[""drug-approved"", ""supported-claim""]",True,"[""Hydrochlorothiazide""]",True,high blood pressure,"'High blood pressure' is the lay term for hypertension. The FDA indication for lisinopril and hydrochlorothiazide explicitly states it is indicated for the treatment of hypertension (to lower blood pressure), so the claimed indication matches.",12.39,0.46,3,2,0
2025-11-22T03:46:52.472596,generated,Warfarin prevents blood clots after my heart valve replacement.,"[""drug-approved"", ""supported-claim""]","[""drug-approved"", ""supported-claim""]",True,"[""Warfarin""]",True,blood clots after heart valve replacement,"Direct match — FDA labeling includes “Prophylaxis and treatment of thromboembolic complications associated with ... cardiac valve replacement,” which corresponds to ‘blood clots after heart valve replacement.’",13.78,0.64,3,2,0
2025-11-22T03:46:57.578296,generated,"Taking clenbuterol again before workouts, it cuts fat insanely fast.","[""drug-unapproved""]","[""drug-unapproved""]",True,"[""clenbuterol""]",False,,,5.05,0.13,1,1,0
2025-11-22T03:47:04.352171,generated,"Switched to RAD-140 instead of testosterone, gains are way cleaner.","[""drug-unapproved""]","[""drug-unapproved""]",True,"[""RAD-140"", ""testosterone""]",False,,,6.76,0.17,1,2,0
2025-11-22T03:47:10.108089,generated,"My anxiety is so much better on phenibut, it works way faster than benzos.","[""drug-unapproved""]","[""drug-unapproved""]",True,"[""phenibut"", ""benzos""]",False,,,5.74,0.13,1,2,0
2025-11-22T03:47:14.768733,generated,"I'm microdosing ibogaine for depression, it hits different.","[""drug-unapproved""]","[""drug-unapproved""]",True,"[""ibogaine""]",False,,,4.65,0.12,1,1,0
2025-11-22T03:47:28.929169,generated,Using tianeptine sodium for mood — it's basically an antidepressant without seeing a doctor.,"[""drug-unapproved""]","[""drug-approved"", ""supported-claim""]",False,"[""tianeptine sodium""]",True,"mood, depression",No FDA indication data,14.15,0.16,3,2,0
2025-11-22T03:47:36.322006,generated,Started a cycle of LGD-4033 and I'm already up 6 pounds.,"[""drug-unapproved""]","[""drug-unapproved""]",True,"[""LGD-4033"", ""Ligandrol""]",False,,,7.35,0.13,1,2,0
2025-11-22T03:47:43.034775,generated,"DNP melts fat like nothing else, crazy results in a week.","[""drug-unapproved""]","[""drug-unapproved""]",True,"[""DNP"", ""2,4-Dinitrophenol""]",False,,,6.71,0.14,1,2,0
2025-11-22T03:47:55.412170,generated,Bought Melanotan II online to get tan faster.,"[""drug-unapproved""]","[""drug-approved""]",False,"[""Melanotan II""]",False,,,12.36,1.54,2,1,0
2025-11-22T03:48:00.598589,generated,I take kratom every morning now and my pain is gone.,"[""drug-unapproved""]","[""drug-unapproved""]",True,"[""kratom""]",False,,,5.18,0.13,1,1,0
2025-11-22T03:48:05.813900,generated,Etizolam works better than Xanax for me.,"[""drug-unapproved""]","[""drug-unapproved""]",True,"[""Etizolam"", ""Xanax""]",False,,,5.21,0.12,1,2,0
2025-11-22T03:48:10.603609,generated,Trying Pemoline for focus because Adderall shortages are wild.,"[""drug-unapproved""]","[""drug-unapproved""]",True,"[""Pemoline"", ""Adderall""]",False,,,4.78,0.12,1,2,0
2025-11-22T03:48:16.060672,generated,"Taking Cardarine (GW501516) before cardio, stamina is insane.","[""drug-unapproved""]","[""drug-unapproved""]",True,"[""Cardarine"", ""GW501516""]",False,,,5.45,0.13,1,2,0
2025-11-22T03:48:24.313080,generated,Using Ostarine (MK-2866) instead of steroids this cycle.,"[""drug-unapproved""]","[""drug-unapproved""]",True,"[""Ostarine"", ""MK-2866"", ""steroids""]",False,,,8.23,0.13,1,3,0
2025-11-22T03:48:31.254890,generated,Mixing DMHA pre-workout hits so hard it feels illegal.,"[""drug-unapproved""]","[""drug-unapproved""]",True,"[""DMHA""]",False,,,6.93,0.12,1,1,0
2025-11-22T03:48:37.342417,generated,Bought liquid SARMs YK-11 and strength is up already.,"[""drug-unapproved""]","[""drug-unapproved""]",True,"[""SARMs"", ""YK-11""]",False,,,6.07,0.13,1,2,0
2025-11-22T03:48:43.242459,generated,Using semax peptide for focus — works better than modafinil.,"[""drug-unapproved""]","[""drug-unapproved""]",True,"[""semax"", ""modafinil""]",False,,,5.88,0.12,1,2,0
2025-11-22T03:48:48.063733,generated,Injected BPC-157 into my shoulder and the pain vanished.,"[""drug-unapproved""]","[""drug-unapproved""]",True,"[""BPC-157""]",False,,,4.27,0.12,1,1,0
2025-11-22T03:48:52.326723,generated,Adrafinil helps me stay awake all night studying.,"[""drug-unapproved""]","[""drug-unapproved""]",True,"[""Adrafinil""]",False,,,4.25,0.12,1,1,0
2025-11-22T03:49:01.804678,generated,My aunt cured her cancer by taking aspirin every morning.,"[""drug-approved"", ""unsupported-claim""]","[""drug-approved"", ""unsupported-claim""]",True,"[""aspirin""]",True,cancer,The FDA-approved indications shown are for temporary relief of minor aches and pains (analgesic use); cancer is a distinct disease and is not listed or synonymous with any of the approved uses for this aspirin product.,9.47,0.18,3,2,0
2025-11-22T03:49:17.991789,generated,"If you have COVID, just take ibuprofen, it kills the virus fast.","[""drug-approved"", ""unsupported-claim""]","[""drug-approved"", ""unsupported-claim""]",True,"[""ibuprofen""]",True,COVID,"FDA list covers symptom relief (fever, minor aches) and 'the common cold' but does not list COVID-19. 'COVID' is a distinct disease, so the claimed indication 'COVID' does not match the FDA-approved indications.",16.18,0.15,3,2,0
2025-11-22T03:49:35.059314,generated,I've been using Benadryl to treat my high blood pressure and it totally works.,"[""drug-approved"", ""unsupported-claim""]","[""drug-approved"", ""unsupported-claim""]",True,"[""Benadryl""]",True,Benadryl treats high blood pressure,"No. FDA-approved indications for Benadryl are relief of allergy symptoms (runny nose, sneezing, itchy/watery eyes, itching of nose/throat). 'High blood pressure' (hypertension) is a different condition and is not listed as an approved indication.",17.05,0.16,3,2,0
2025-11-22T03:49:45.041167,generated,My friend reversed her diabetes using amoxicillin.,"[""drug-approved"", ""unsupported-claim""]","[""drug-approved"", ""unsupported-claim""]",True,"[""amoxicillin""]",True,diabetes,"Amoxicillin is FDA‑approved for bacterial infections (ear, throat, respiratory, skin, genitourinary, H. pylori, etc.). Diabetes is a metabolic disease, not an FDA‑listed indication for amoxicillin, so it does not match.",9.97,0.34,3,2,0
2025-11-22T03:50:04.043249,generated,Drink children's Tylenol daily — it prevents heart attacks.,"[""drug-approved"", ""unsupported-claim""]","[""drug-approved"", ""unsupported-claim""]",True,"[""children's Tylenol"", ""Tylenol"", ""acetaminophen""]",True,heart attacks,No FDA indication data,18.98,0.16,5,5,0
2025-11-22T03:50:14.435126,generated,Started taking Adderall because it helps cure depression.,"[""drug-approved"", ""unsupported-claim""]","[""drug-approved"", ""unsupported-claim""]",True,"[""Adderall""]",True,depression,Adderall XR is FDA‑approved only for treatment of attention deficit hyperactivity disorder (ADHD) in adults and pediatric patients 6 years and older; depression is not listed as an approved indication.,10.37,0.67,3,2,0
2025-11-22T03:50:25.697091,generated,Prednisone can cure autism if you take it early enough.,"[""drug-approved"", ""unsupported-claim""]","[""drug-approved"", ""unsupported-claim""]",True,"[""Prednisone""]",True,autism,"Autism (a neurodevelopmental disorder) is not listed among the FDA-approved indications for prednisone, which are endocrine, rheumatic, collagen, dermatologic, allergic, pulmonary and other inflammatory/immune conditions. Prednisone is not FDA-approved to treat autism.",11.11,0.15,3,2,0
2025-11-22T03:50:39.093047,generated,Metformin works for weight loss AND it gets rid of arthritis.,"[""drug-approved"", ""unsupported-claim""]","[""drug-approved"", ""unsupported-claim""]",True,"[""Metformin""]",True,"weight loss, arthritis",FDA-approved indication for metformin (as in ZITUVIMET) is to improve glycemic control in adults with type 2 diabetes mellitus. 'Weight loss' and 'arthritis' are not listed or equivalent to the approved indication; thus the claimed indications do not match FDA-approved uses.,13.35,1.1,3,2,0
2025-11-22T03:50:50.907230,generated,Using albuterol inhaler to treat my stomach flu.,"[""drug-approved"", ""unsupported-claim""]","[""drug-approved"", ""unsupported-claim""]",True,"[""albuterol""]",True,stomach flu,"Unsupported. ""Stomach flu"" refers to viral gastroenteritis (GI illness), whereas albuterol is FDA‑approved for bronchospasm/reversible obstructive airway disease and prevention of exercise‑induced bronchospasm (respiratory conditions), not gastrointestinal infections.",11.8,0.18,3,2,0
2025-11-22T03:51:01.105759,generated,My cousin cured his epilepsy taking Claritin daily.,"[""drug-approved"", ""unsupported-claim""]","[""drug-approved"", ""unsupported-claim""]",True,"[""Claritin""]",True,epilepsy,"Epilepsy is a neurological seizure disorder; Claritin is FDA-approved only to temporarily relieve allergy symptoms (runny nose, itchy/watery eyes, sneezing, nasal/throat itching). These are unrelated conditions, so the claimed indication does not match.",10.19,0.15,3,2,0
2025-11-22T03:51:07.684612,generated,You don't need chemo — ibuprofen shrinks tumors naturally.,"[""drug-approved"", ""unsupported-claim""]","[""drug-unapproved""]",False,"[""ibuprofen"", ""chemotherapy""]",False,,,6.58,0.13,1,2,0
2025-11-22T03:51:13.197016,generated,"Pepto-Bismol helps with anxiety attacks, trust me.","[""drug-approved"", ""unsupported-claim""]","[""drug-unapproved""]",False,"[""Pepto-Bismol""]",False,,,5.51,0.13,1,1,0
2025-11-22T03:51:24.159292,generated,"Just take Zoloft if you get migraines, it works instantly.","[""drug-approved"", ""unsupported-claim""]","[""drug-approved"", ""unsupported-claim""]",True,"[""Zoloft""]",True,migraines,"Migraine/migraines is not among Zoloft's FDA‑approved indications (MDD, OCD, PD, PTSD, SAD, PMDD). 'Migraines' is a distinct condition and is not a synonym for any listed indication.",10.96,0.94,3,2,0
2025-11-22T03:51:41.670126,generated,I've been using EpiPen injections to treat panic attacks.,"[""drug-approved"", ""unsupported-claim""]","[""drug-approved"", ""unsupported-claim""]",True,"[""EpiPen"", ""epinephrine""]",True,panic attacks,"EpiPen is FDA‑approved for emergency treatment of Type I allergic reactions/anaphylaxis. 'Panic attacks' are anxiety/psychiatric events, not allergic anaphylaxis, and are not listed among the approved indications.",17.51,0.46,3,3,0
2025-11-22T03:51:59.419018,generated,A sprinkle of Penicillin every day keeps you from getting STDs.,"[""drug-approved"", ""unsupported-claim""]","[""drug-approved"", ""supported-claim""]",False,"[""Penicillin""]",True,STDs,"FDA lists 'Venereal infections — Syphilis, yaws, bejel, and pinta.' Syphilis is an STD, so the claim 'STDs' partly matches the approved indication. However, 'STDs' is broader than the specific venereal infections listed (it does not imply approval for all STDs such as gonorrhea or chlamydia).",17.75,0.25,3,2,0
2025-11-22T03:52:07.373700,generated,"If you get COVID, take NyQuil — it fully cures it.","[""drug-approved"", ""unsupported-claim""]","[""drug-unapproved""]",False,"[""NyQuil""]",False,,,7.95,0.13,1,1,0
2025-11-22T03:52:21.926262,generated,Insulin helps you lose weight super fast even if you're not diabetic.,"[""drug-approved"", ""unsupported-claim""]","[""drug-approved"", ""unsupported-claim""]",True,"[""Insulin""]",True,weight loss,"FDA-listed indication is ‘homeo-nutritional support of the pancreas’ (homeopathic, not FDA-evaluated); this does not include or equate to ‘weight loss,’ which is a distinct clinical goal.",14.54,0.15,3,2,0
2025-11-22T03:52:27.438164,generated,Taking Augmentin for my seasonal allergies because it works better than antihistamines.,"[""drug-approved"", ""unsupported-claim""]","[""drug-unapproved""]",False,"[""Augmentin"", ""antihistamines""]",False,,,5.51,0.13,1,2,0
2025-11-22T03:52:39.592465,generated,My grandma treats her Alzheimer's with Vitamin D supplements and Tylenol.,"[""drug-approved"", ""unsupported-claim""]","[""drug-approved"", ""unsupported-claim""]",True,"[""Vitamin D"", ""Tylenol""]",True,Alzheimer's,"FDA indications are for dietary supplementation of vitamins A, C, and D and fluoride for caries prophylaxis; there is no FDA-approved indication for treatment or prevention of Alzheimer’s disease.",12.15,0.19,3,3,0
2025-11-22T03:52:52.175750,generated,AmLODIPine is great for curing sinus infections.,"[""drug-approved"", ""unsupported-claim""]","[""drug-approved"", ""unsupported-claim""]",True,"[""amlodipine""]",True,sinus infections,Amlodipine is FDA‑approved for hypertension and angina (coronary artery disease); 'sinus infections' (sinusitis) are an infectious ENT condition and are not listed among amlodipine's approved indications.,12.58,0.37,3,2,0
2025-11-22T03:53:07.824933,generated,Sudafed cures migraines if you take it with coffee.,"[""drug-approved"", ""unsupported-claim""]","[""drug-approved"", ""unsupported-claim""]",True,"[""Sudafed"", ""caffeine""]",True,migraines,Sudafed's FDA-approved uses are for nasal/sinus congestion from colds or allergies; 'migraines' are a primary headache disorder and are not an FDA-approved indication for Sudafed.,15.64,0.19,3,3,0
2025-11-22T03:54:52.004387,real,https://bsky.app/profile/frydawolff.bsky.social/post/3m5hrq7x5n22c,"[""drug-approved""]","[""drug-approved""]",True,"[""Tylenol"", ""Advil""]",False,,,15.87,8.59,3,2,1
2025-11-22T03:54:58.440444,real,https://bsky.app/profile/hoopdogtheking.bsky.social/post/3ko5jqsoxsv25,"[""drug-approved""]","[""drug-approved""]",True,"[""Amoxicillin""]",False,,,6.43,0.19,2,1,1
2025-11-22T03:55:06.628569,real,https://bsky.app/profile/sneakinup.bsky.social/post/3m5bxkxtfkc2r,"[""drug-approved""]","[""drug-approved""]",True,"[""Ozempic""]",False,,,8.19,0.19,2,1,1
2025-11-22T03:55:13.844589,real,https://bsky.app/profile/linernotesdanny.bsky.social/post/3m5tj2zvimc2a,"[""drug-approved""]","[""drug-approved""]",True,"[""Adderall""]",False,,,7.21,0.14,2,1,1
2025-11-22T03:55:41.676744,real,https://bsky.app/profile/humanlongevity.bsky.social/post/3lhcizif5ba25,"[""drug-approved"", ""unsupported-claim""]","[""drug-approved"", ""unsupported-claim""]",True,"[""Metformin""]",True,"blood sugar levels, aging, vitality",'Blood sugar levels' corresponds to the FDA-approved indication to 'improve glycemic control in adults with type 2 diabetes mellitus' (matches). 'Aging' and 'vitality' are not FDA‑approved indications for metformin/ZITUVIMET.,27.83,1.12,3,2,1
2025-11-22T03:55:59.262607,real,https://bsky.app/profile/global-news-2024.bsky.social/post/3m32fbmf3he2j,"[""drug-approved"", ""unsupported-claim""]","[""drug-approved"", ""unsupported-claim""]",True,"[""semaglutide""]",True,Alzheimer’s,"Alzheimer’s is a neurodegenerative cognitive disorder and is not listed among the FDA-approved indications for semaglutide, which are limited to improving glycemic control in adults with type 2 diabetes mellitus and reducing major adverse cardiovascular events in adults with type 2 diabetes at high CV risk.",17.58,0.87,3,2,1
2025-11-22T03:56:13.748713,real,https://bsky.app/profile/modernshartist.bsky.social/post/3lgbvo5irhc2h,"[""drug-approved"", ""unsupported-claim""]","[""drug-approved"", ""unsupported-claim""]",True,"[""ivermectin""]",True,"cancer, gingivitis","Ivermectin FDA indications are for parasitic infections (intestinal strongyloidiasis and onchocerciasis). Neither ""cancer"" nor ""gingivitis"" is listed or clinically equivalent to these parasitic infections, so the claimed indications do not match FDA-approved uses.",14.48,0.28,3,2,1
2025-11-22T03:56:35.307812,real,https://bsky.app/profile/ptn64pau.bsky.social/post/3lzo2gif53k25,"[""drug-approved"", ""unsupported-claim""]","[""drug-approved"", ""unsupported-claim""]",True,"[""Tylenol"", ""ivermectin""]",True,"cancer, headaches",Ivermectin is FDA‑approved only for parasitic infections (intestinal strongyloidiasis and onchocerciasis). Cancer and headaches are not listed as FDA‑approved indications.,21.55,0.2,4,3,1
2025-11-22T03:56:47.316308,real,https://bsky.app/profile/rnflex.bsky.social/post/3m4h4e36qws2e,"[""drug-unapproved""]","[""drug-unapproved""]",True,"[""retatrutide""]",False,,,12.0,0.15,1,1,1
2025-11-22T03:56:55.416209,real,https://bsky.app/profile/waxwing.bsky.social/post/3m4y2hk2sgk2e,"[""drug-unapproved""]","[""drug-unapproved""]",True,"[""kratom""]",False,,,8.1,0.14,1,1,1
2025-11-22T03:57:02.057757,real,https://bsky.app/profile/drstevenquest.bsky.social/post/3m5dbxxuelc23,"[""drug-unapproved""]","[""drug-unapproved""]",True,"[""heroin""]",False,,,6.64,0.14,1,1,1
2025-11-22T03:57:07.504773,real,https://bsky.app/profile/riverasdfhjasdfhj.bsky.social/post/3lpew2cj42c2q,"[""drug-unapproved""]","[""drug-unapproved""]",True,"[""Debacterol""]",False,,,5.44,0.14,1,1,1
2025-11-22T03:57:11.504152,real,https://bsky.app/profile/chainbear.bsky.social/post/3m52sfsof522e,,[],,[],False,,,3.99,0.14,1,0,1
2025-11-22T03:57:14.216350,real,https://bsky.app/profile/prozdishere.bsky.social/post/3m5nmw4l7ts2g,,[],,[],False,,,2.71,0.14,1,0,1
2025-11-22T03:57:19.336245,real,https://bsky.app/profile/jonbois.bsky.social/post/3m5u7c6woo22v,,[],,[],False,,,5.12,0.14,1,0,1
2025-11-22T03:57:22.346368,real,https://bsky.app/profile/wendyjfox.bsky.social/post/3m5tz3fafpk2n,,[],,[],False,,,3.01,0.14,1,0,1
2025-11-22T03:57:36.543753,real,https://bsky.app/profile/grimmorph.bsky.social/post/3m4dvwrleoc2l,"[""drug-approved""]","[""drug-approved""]",True,"[""phenobarbital""]",False,,,14.2,0.17,2,1,1
2025-11-22T03:57:50.869208,real,https://bsky.app/profile/maxsportsnutrition.bsky.social/post/3lcwzpdnlws2u,"[""drug-unapproved""]","[""drug-unapproved""]",True,"[""MK677"", ""Ibutamoren"", ""HGH"", ""SARMs"", ""peptides""]",False,,,14.32,0.2,1,5,1
2025-11-22T03:57:56.031547,real,https://bsky.app/profile/bluesky.awakari.com/post/3ltulufrpgz23,"[""drug-unapproved""]","[""drug-unapproved""]",True,"[""Fenbendazole"", ""Mebendazole""]",False,,,5.16,0.15,1,2,1
2025-11-22T03:58:00.833430,real,https://bsky.app/profile/onuniversal1.bsky.social/post/3llghqvqcs22f,"[""drug-unapproved""]","[""drug-unapproved""]",True,"[""Ivermectin"", ""Fenbendazole""]",False,,,4.8,0.14,1,2,1
2025-11-22T03:58:07.650702,real,https://bsky.app/profile/roxannestyx.bsky.social/post/3lqot7t76q22c,"[""drug-unapproved""]","[""drug-unapproved""]",True,"[""IVERMECTIN"", ""CHLORINE DIOXIDE""]",False,,,6.82,0.15,1,2,1
2025-11-22T03:58:15.246891,real,https://bsky.app/profile/zoroarkpropaganda.bsky.social/post/3m5emvvm7gk2a,"[""drug-approved""]","[""drug-approved""]",True,"[""guaifenesin""]",False,,,7.59,0.14,2,1,1
2025-11-22T03:58:21.289963,real,https://bsky.app/profile/klogoldman.bsky.social/post/3k2swihjktz2v,"[""drug-approved"", ""unsupported-claim""]","[""drug-unapproved""]",False,"[""Adderall"", ""antidepressants""]",False,,,6.04,0.14,1,2,1
2025-11-22T03:58:36.842685,real,https://bsky.app/profile/litetheironman.bsky.social/post/3lgyh3qaqx225,"[""drug-approved"", ""supported-claim""]","[""drug-approved"", ""supported-claim""]",True,"[""acetaminophen""]",True,"fever, aches","""fever"" matches FDA indication ""temporarily reduces fever""; ""aches"" matches ""temporarily relieves minor aches and pains"" (e.g., muscular aches) in the approved uses.",15.55,0.2,3,2,1
2025-11-22T03:58:50.637018,real,https://bsky.app/profile/heratylaw.bsky.social/post/3m3ujc7lf3c2v,"[""drug-approved"", ""supported-claim""]","[""drug-approved"", ""supported-claim""]",True,"[""Atorvastatin""]",True,"high cholesterol, heart attacks, strokes",Atorvastatin is indicated to reduce LDL-C as an adjunct to diet for primary hyperlipidemia (matches 'high cholesterol') and to reduce the risk of myocardial infarction (MI) and stroke (matches 'heart attacks' and 'strokes').,13.79,0.82,3,2,1
2025-11-22T03:59:16.280331,real,https://bsky.app/profile/kegel7.bsky.social/post/3m54lhodgz22r,"[""drug-approved"", ""supported-claim""]","[""drug-approved"", ""supported-claim""]",True,"[""Tamiflu"", ""Oseltamivir""]",True,Flu,"'Flu' is the lay term for influenza. Tamiflu is FDA‑approved for treatment of acute, uncomplicated influenza A and B (patients ≥2 weeks within 48 hours of symptoms) and for prophylaxis of influenza A and B (patients ≥1 year), so 'Flu' matches the approved indication.",25.64,0.78,5,4,1
2025-11-22T03:59:28.877362,real,https://bsky.app/profile/platinumeggs.bsky.social/post/3lpcsacnbc22x,"[""drug-approved"", ""supported-claim""]","[""drug-approved"", ""supported-claim""]",True,"[""Amoxicillin""]",True,strep throat,"Strep throat (streptococcal pharyngitis, typically Group A β-hemolytic Streptococcus) falls under ""Infections of the Ear, Nose, and Throat""—FDA lists Streptococcus spp. (α- and β-hemolytic isolates) as indicated for amoxicillin.",12.59,0.34,3,2,1
2025-11-22T03:59:39.646693,real,https://bsky.app/profile/bullypop.bsky.social/post/3m3udfyefos2d,"[""drug-approved"", ""supported-claim""]","[""drug-approved""]",False,"[""hydrocortisone""]",False,,,10.77,0.17,2,1,1
2025-11-22T03:59:49.251422,real,https://bsky.app/profile/duxfeminafacti9.bsky.social/post/3m5mfndqfu224,"[""drug-approved""]","[""drug-approved""]",True,"[""Insulin""]",False,,,9.6,0.17,2,1,1
2025-11-22T03:59:52.421196,real,https://bsky.app/profile/ryanbebej.bsky.social/post/3m65ggr42ek2j,,[],,[],False,,,3.17,0.16,1,0,1
2025-11-22T04:00:13.123656,real,https://bsky.app/profile/bobhille.bsky.social/post/3l7binrkdpl2z,"[""drug-approved"", ""unsupported-claim""]","[""drug-approved"", ""unsupported-claim""]",True,"[""semaglutide""]",True,"diabetes, weight loss, heart disease, stroke, Alzheimer's","Partial match. 'Diabetes' matches the FDA indication for improvement of glycemic control in adults with type 2 diabetes. 'Stroke' matches because RYBELSUS is indicated to reduce risk of major adverse cardiovascular events including non‑fatal stroke. 'Heart disease' is a broader lay term — the FDA indication is reduction of specific major cardiovascular events (CV death, non‑fatal myocardial infarction, non‑fatal stroke) in high‑risk T2D patients, so this is a partial/approximate match. 'Weight loss' and 'Alzheimer's' are not FDA‑approved indications for RYBELSUS.",20.7,0.15,3,2,1
2025-11-22T04:00:29.488847,real,https://bsky.app/profile/catlace.bsky.social/post/3kyj6vdmj572v,"[""drug-approved"", ""unsupported-claim""]","[""drug-approved"", ""unsupported-claim""]",True,"[""Adderall""]",True,"prospective memory, episodic memory","FDA-approved indication for Adderall XR is treatment of attention deficit hyperactivity disorder (ADHD) in patients ≥6 years. 'Prospective memory' and 'episodic memory' are cognitive functions, not listed as FDA-approved indications or synonymous with ADHD, so the claimed indication does not match the FDA-approved indication.",16.36,0.68,3,2,1
2025-11-22T04:00:44.756557,real,https://bsky.app/profile/deejbr549.bsky.social/post/3lg7whobtw22r,"[""drug-approved"", ""unsupported-claim""]","[""drug-approved"", ""unsupported-claim""]",True,"[""gabapentin"", ""Xanax""]",True,anxiety,FDA-approved indications for gabapentin are postherpetic neuralgia and adjunctive therapy for partial-onset seizures/epilepsy; 'anxiety' is a different condition and is not listed as an FDA-approved indication.,15.26,0.9,3,3,1
2025-11-22T04:00:53.553759,real,https://bsky.app/profile/asherwolf.bsky.social/post/3m64qnd2uh22w,"[""drug-approved""]","[""drug-approved""]",True,"[""metformin""]",False,,,8.79,0.13,2,1,1
2025-11-22T04:01:06.181564,real,https://bsky.app/profile/kennethwilsonuk.bsky.social/post/3llwflu7i7k2k,"[""drug-approved"", ""supported-claim""]","[""drug-approved"", ""supported-claim""]",True,"[""atorvastatin""]",True,high cholesterol,"‘High cholesterol’ is a lay term for hyperlipidemia/hypercholesterolemia. FDA indications for atorvastatin explicitly include reducing LDL‑C in adults with primary hyperlipidemia and familial hypercholesterolemia, which directly corresponds to ‘high cholesterol.’",12.63,0.87,3,2,1
2025-11-22T04:01:14.859946,real,https://bsky.app/profile/phillyvoice.com/post/3m4nmikloc62d,"[""drug-approved"", ""supported-claim""]","[""drug-approved""]",False,"[""Atorvastatin""]",False,,,8.67,0.18,2,1,1
2025-11-22T04:01:25.666549,real,https://bsky.app/profile/wolfaro.bsky.social/post/3kj6wfqubs62k,"[""drug-approved"", ""supported-claim""]","[""drug-approved"", ""supported-claim""]",True,"[""Losartan""]",True,high blood pressure (hypertension),"Direct match: FDA-approved indication lists ""Treatment of hypertension, to lower blood pressure in adults and pediatric patients 6 years of age and older,"" which is the same condition as 'high blood pressure (hypertension).'",10.79,0.62,3,2,1
2025-11-22T04:01:39.698610,real,https://bsky.app/profile/purplemutant.bsky.social/post/3lhzcd732n22s,"[""drug-approved"", ""supported-claim""]","[""drug-approved"", ""supported-claim""]",True,"[""Sertraline""]",True,depression,"FDA label: Sertraline is indicated for Major Depressive Disorder (MDD). The lay term 'depression' corresponds to MDD, so the claimed indication matches the approved indication.",14.03,1.18,3,2,1
2025-11-22T04:01:47.842662,real,https://bsky.app/profile/pfxg.bsky.social/post/3lvtyquyw7c26,"[""drug-approved""]","[""drug-approved""]",True,"[""Lisinopril""]",False,,,8.14,0.17,2,1,1
2025-11-22T04:01:55.289685,real,https://bsky.app/profile/xoxogossipgita.bsky.social/post/3m65w5ce3k22m,"[""drug-approved""]","[""drug-approved""]",True,"[""Adderall""]",False,,,7.45,0.18,2,1,1
2025-11-22T04:02:03.488317,real,https://bsky.app/profile/tanaise.bsky.social/post/3lapjn3r4uz27,"[""drug-approved""]","[""drug-approved""]",True,"[""Zoloft""]",False,,,8.2,0.23,2,1,1
2025-11-22T04:02:11.241304,real,https://bsky.app/profile/carldownunder.bsky.social/post/3m5hjw72njk2z,"[""drug-approved""]","[""drug-approved""]",True,"[""metformin""]",False,,,7.75,0.17,2,1,1
2025-11-22T04:02:17.987724,real,https://bsky.app/profile/ohiocapitaljournal.com/post/3m65xqoc7gx2j,"[""drug-unapproved""]","[""drug-unapproved""]",True,"[""kratom"", ""synthetic kratom""]",False,,,6.74,0.15,1,2,1
2025-11-22T04:02:24.108518,real,https://bsky.app/profile/kriswolfhe.art/post/3m5xf23r2522s,"[""drug-unapproved""]","[""drug-unapproved""]",True,"[""berberine""]",False,,,6.12,0.14,1,1,1
2025-11-22T04:02:28.612522,real,https://bsky.app/profile/mikepeeljourno.bsky.social/post/3m3dhlqrasc24,"[""drug-unapproved""]","[""drug-unapproved""]",True,"[""spermidine""]",False,,,4.5,0.14,1,1,1
2025-11-22T04:02:37.093568,real,https://bsky.app/profile/steelcityhrt.bsky.social/post/3lyimefnoc327,"[""drug-unapproved""]","[""drug-unapproved""]",True,"[""BPC-157"", ""peptides"", ""TRT"", ""HRT""]",False,,,8.48,0.15,1,4,1
2025-11-22T04:02:40.770636,real,https://bsky.app/profile/chowfur.art/post/3m5zfrubzls2n,,[],,[],False,,,3.68,0.15,1,0,1
2025-11-22T04:02:46.916786,real,https://bsky.app/profile/juliametraux.bsky.social/post/3m65xdi2f4k2v,,"[""drug-unapproved""]",,"[""vaccine""]",False,,,6.14,0.14,1,1,1
2025-11-22T04:02:50.178200,real,https://bsky.app/profile/celebrityhottub.bsky.social/post/3m65klbpvus2m,,[],,[],False,,,3.26,0.14,1,0,1
2025-11-22T04:02:54.421108,real,https://bsky.app/profile/mobydickatsea.bsky.social/post/3m63jveqtgx2l,,[],,[],False,,,4.24,0.14,1,0,1
